firstname,lastname,email,sex,mobile,birthdate,address
John,Smith,john.smith@gmail.com,M,5550000101,1990-05-15,123 Main Street Philadelphia, PA
Mary,Johnson,mary.johnson@yahoo.com,F,5550000102,1992-08-22,456 Oak Avenue New York, NY
Michael,Williams,michael.williams@outlook.com,M,5550000103,1988-03-10,789 Pine Road Boston, MA
Sarah,Brown,sarah.brown@gmail.com,F,5550000104,1995-11-30,321 Elm Street Chicago, IL
David,Jones,david.jones@yahoo.com,M,5550000105,1991-07-18,654 Cedar Lane Houston, TX
Emily,Garcia,emily.garcia@outlook.com,F,5550000106,1993-01-25,987 Birch Drive Phoenix, AZ
Robert,Miller,robert.miller@gmail.com,M,5550000107,1989-09-12,147 Maple Way Philadelphia, PA
Jessica,Davis,jessica.davis@yahoo.com,F,5550000108,1994-04-03,258 Spruce Court San Antonio, TX
James,Rodriguez,james.rodriguez@outlook.com,M,5550000109,1987-12-20,369 Walnut Street San Diego, CA
Amanda,Martinez,amanda.martinez@gmail.com,F,5550000110,1996-06-14,741 Ash Avenue Dallas, TX
Christopher,Hernandez,christopher.h@yahoo.com,M,5550000111,1990-02-28,852 Willow Place Austin, TX
Lisa,Lopez,lisa.lopez@outlook.com,F,5550000112,1992-10-09,963 Sycamore Road Jacksonville, FL
Daniel,Gonzalez,daniel.gonzalez@gmail.com,M,5550000113,1991-05-17,159 Hickory Lane Miami, FL
Karen,Wilson,karen.wilson@yahoo.com,F,5550000114,1993-08-05,753 Cottonwood Drive Los Angeles, CA
Matthew,Anderson,matthew.anderson@outlook.com,M,5550000115,1989-03-22,357 Magnolia Avenue Portland, OR
Betty,Taylor,betty.taylor@gmail.com,F,5550000116,1994-11-11,951 Dogwood Street Denver, CO
Anthony,Thomas,anthony.thomas@yahoo.com,M,5550000117,1988-07-08,456 Juniper Court Las Vegas, NV
Sandra,Moore,sandra.moore@outlook.com,F,5550000118,1995-09-19,159 Laurel Way Nashville, TN
Mark,Jackson,mark.jackson@gmail.com,M,5550000119,1992-04-26,852 Poplar Road Memphis, TN
Dorothy,Martin,dorothy.martin@yahoo.com,F,5550000120,1990-12-03,654 Ash Lane Baltimore, MD
Donald,Lee,donald.lee@outlook.com,M,5550000121,1993-01-14,741 Beech Avenue Louisville, KY
Ashley,Perez,ashley.perez@gmail.com,F,5550000122,1991-06-21,258 Box Elder Drive Milwaukee, WI
Steven,White,steven.white@yahoo.com,M,5550000123,1989-10-07,369 Buckeye Street Albuquerque, NM
Donna,Harris,donna.harris@outlook.com,F,5550000124,1994-02-18,123 Cherry Place Tucson, AZ
Paul,Clark,paul.clark@gmail.com,M,5550000125,1996-08-30,987 Chestnut Road Fresno, CA